{"cameraMode":{"drawMode":0,"name":"Shaded","section":"Shading Mode"},"sceneLighting":true,"audioPlay":false,"sceneViewState":{"showFog":true,"showMaterialUpdate":false,"showSkybox":true,"showFlares":true,"showImageEffects":true,"showParticleSystems":true},"in2DMode":false,"pivot":{"x":-0.7471427917480469,"y":459.4588623046875,"z":18.092632293701173},"rotation":{"x":-0.40925803780555727,"y":-0.0784250944852829,"z":0.03532972186803818,"w":-0.9083554744720459},"size":286848.96875,"orthographic":false}